-- MySQL dump 10.13  Distrib 8.0.19, for Win64 (x86_64)
--
-- Host: localhost    Database: hsrdb
-- ------------------------------------------------------
-- Server version	8.4.3

/*!40101 SET @OLD_CHARACTER_SET_CLIENT=@@CHARACTER_SET_CLIENT */;
/*!40101 SET @OLD_CHARACTER_SET_RESULTS=@@CHARACTER_SET_RESULTS */;
/*!40101 SET @OLD_COLLATION_CONNECTION=@@COLLATION_CONNECTION */;
/*!50503 SET NAMES utf8mb4 */;
/*!40103 SET @OLD_TIME_ZONE=@@TIME_ZONE */;
/*!40103 SET TIME_ZONE='+00:00' */;
/*!40014 SET @OLD_UNIQUE_CHECKS=@@UNIQUE_CHECKS, UNIQUE_CHECKS=0 */;
/*!40014 SET @OLD_FOREIGN_KEY_CHECKS=@@FOREIGN_KEY_CHECKS, FOREIGN_KEY_CHECKS=0 */;
/*!40101 SET @OLD_SQL_MODE=@@SQL_MODE, SQL_MODE='NO_AUTO_VALUE_ON_ZERO' */;
/*!40111 SET @OLD_SQL_NOTES=@@SQL_NOTES, SQL_NOTES=0 */;

--
-- Table structure for table `admin`
--

DROP TABLE IF EXISTS `admin`;
/*!40101 SET @saved_cs_client     = @@character_set_client */;
/*!50503 SET character_set_client = utf8mb4 */;
CREATE TABLE `admin` (
  `A_id` varchar(10) CHARACTER SET utf8mb4 COLLATE utf8mb4_0900_ai_ci NOT NULL,
  `A_name` varchar(100) CHARACTER SET utf8mb4 COLLATE utf8mb4_0900_ai_ci DEFAULT NULL,
  `A_password` varchar(100) DEFAULT NULL,
  PRIMARY KEY (`A_id`)
) ENGINE=InnoDB DEFAULT CHARSET=utf8mb4 COLLATE=utf8mb4_0900_ai_ci;
/*!40101 SET character_set_client = @saved_cs_client */;

--
-- Dumping data for table `admin`
--

LOCK TABLES `admin` WRITE;
/*!40000 ALTER TABLE `admin` DISABLE KEYS */;
INSERT INTO `admin` VALUES ('A001','Klee','Klee1'),('A002','Jean','Jean1'),('A003','Nolle','Nolle1'),('A004','Amber','Amber1'),('A005','Keqing','Keqing1'),('A006','Toma','Toma1'),('A007','Ayaka','Ayaka1'),('A008','Raiden Ei','Ei1'),('A009','Venti','Venti1'),('A010','Furina','Furina1');
/*!40000 ALTER TABLE `admin` ENABLE KEYS */;
UNLOCK TABLES;

--
-- Table structure for table `character`
--

DROP TABLE IF EXISTS `character`;
/*!40101 SET @saved_cs_client     = @@character_set_client */;
/*!50503 SET character_set_client = utf8mb4 */;
CREATE TABLE `character` (
  `C_id` int NOT NULL,
  `C_name` varchar(100) CHARACTER SET utf8mb4 COLLATE utf8mb4_0900_ai_ci DEFAULT NULL,
  `C_path` enum('Destruction','Preservation','Nihility','The Hunt','Harmony','Erudition','Abundance') CHARACTER SET utf8mb4 COLLATE utf8mb4_0900_ai_ci DEFAULT NULL,
  `C_element` enum('Ice','Fire','Quantum','Wind','Lightning','Physical','Imaginary') CHARACTER SET utf8mb4 COLLATE utf8mb4_0900_ai_ci DEFAULT NULL,
  `C_role` enum('DPS','Debuffer','Buffer','Tank','Healer') CHARACTER SET utf8mb4 COLLATE utf8mb4_0900_ai_ci DEFAULT NULL,
  `C_rarelity` enum('FIVE','FOUR') DEFAULT NULL,
  `C_images` varchar(100) DEFAULT NULL,
  PRIMARY KEY (`C_id`)
) ENGINE=InnoDB DEFAULT CHARSET=utf8mb4 COLLATE=utf8mb4_0900_ai_ci;
/*!40101 SET character_set_client = @saved_cs_client */;

--
-- Dumping data for table `character`
--

LOCK TABLES `character` WRITE;
/*!40000 ALTER TABLE `character` DISABLE KEYS */;
INSERT INTO `character` VALUES (1,'Stelle','Destruction','Physical','DPS','FIVE','https://shorturl.at/9SpHD'),(2,'Caelus','Destruction','Physical','DPS','FIVE','https://rerollcdn.com/STARRAIL/Characters/Full/8001.png'),(3,'Welt','Nihility','Imaginary','Debuffer','FIVE','https://rerollcdn.com/STARRAIL/Characters/Full/1004.png'),(4,'March_7','Preservation','Ice','Buffer','FOUR','https://rerollcdn.com/STARRAIL/Characters/Full/1001.png'),(5,'Dan Heng','The Hunt','Wind','DPS','FOUR','https://rerollcdn.com/STARRAIL/Characters/Full/1002.png'),(6,'Asta','Harmony','Fire','Buffer','FOUR','https://rerollcdn.com/STARRAIL/Characters/Full/1009.png'),(7,'Arlan','Destruction','Lightning','DPS','FOUR','https://rerollcdn.com/STARRAIL/Characters/Full/1008.png'),(8,'Seele','The Hunt','Quantum','DPS','FIVE','https://rerollcdn.com/STARRAIL/Characters/Full/1102.png'),(9,'Herta','Erudition','Ice','DPS','FOUR','https://rerollcdn.com/STARRAIL/Characters/Full/1013.png'),(10,'Gepard','Preservation','Ice','Tank','FIVE','https://rerollcdn.com/STARRAIL/Characters/Full/1104.png'),(11,'Acheron','Nihility','Lightning','DPS','FIVE','https://rerollcdn.com/STARRAIL/Characters/Full/3017.png'),(12,'Fugue','Nihility','Fire','Buffer','FIVE','https://rerollcdn.com/STARRAIL/Characters/Full/3035.png'),(13,'Sundy','Harmony','Imaginary','Buffer','FIVE','https://rerollcdn.com/STARRAIL/Characters/Full/3034.png'),(14,'Rappa','Erudition','Imaginary','DPS','FIVE','https://rerollcdn.com/STARRAIL/Characters/Full/3033.png'),(15,'Moze','The Hunt','Wind','DPS','FOUR','https://rerollcdn.com/STARRAIL/Characters/Full/3032.png'),(16,'Feixiao','The Hunt','Wind','DPS','FIVE','https://rerollcdn.com/STARRAIL/Characters/Full/3031.png'),(17,'Lingsha','Abundance','Fire','Healer','FIVE','https://rerollcdn.com/STARRAIL/Characters/Full/3030.png'),(18,'March_7','The Hunt','Imaginary','DPS','FOUR','https://rerollcdn.com/STARRAIL/Characters/Full/3029.png'),(19,'Yunli','Destruction','Physical','DPS','FIVE','https://rerollcdn.com/STARRAIL/Characters/Full/3028.png'),(20,'Jiaoqiu','Nihility','Fire','Debuffer','FIVE','https://rerollcdn.com/STARRAIL/Characters/Full/3027.png'),(21,'Jade','Erudition','Quantum','DPS','FIVE','https://rerollcdn.com/STARRAIL/Characters/Full/3026.png'),(22,'Firefly','Destruction','Fire','DPS','FIVE','https://rerollcdn.com/STARRAIL/Characters/Full/3025.png'),(23,'Caelus','Harmony','Imaginary','Buffer','FIVE','https://rerollcdn.com/STARRAIL/Characters/Full/3022.png'),(24,'Stelle','Harmony','Imaginary','Buffer','FIVE','https://shorturl.at/hWz7v'),(25,'Caelus','Preservation','Fire','Tank','FIVE','https://rerollcdn.com/STARRAIL/Characters/Full/8003.png'),(26,'Stelle','Preservation','Fire','Tank','FIVE','https://shorturl.at/5jOkj'),(27,'Robin','Harmony','Physical','Buffer','FIVE','https://rerollcdn.com/STARRAIL/Characters/Full/3021.png'),(28,'Boothill','The Hunt','Physical','DPS','FIVE','https://rerollcdn.com/STARRAIL/Characters/Full/3020.png'),(29,'Gallagher','Abundance','Fire','Healer','FOUR','https://rerollcdn.com/STARRAIL/Characters/Full/3019.png'),(30,'Aventurine','Preservation','Imaginary','Tank','FIVE','https://rerollcdn.com/STARRAIL/Characters/Full/3018.png'),(31,'Sparkle','Harmony','Quantum','Buffer','FIVE','https://rerollcdn.com/STARRAIL/Characters/Full/3016.png'),(32,'Misha','Destruction','Ice','DPS','FOUR','https://rerollcdn.com/STARRAIL/Characters/Full/3015.png'),(33,'Black_Swan','Nihility','Wind','DPS','FIVE','https://rerollcdn.com/STARRAIL/Characters/Full/3014.png'),(34,'Xueyi','Destruction','Quantum','DPS','FOUR','https://rerollcdn.com/STARRAIL/Characters/Full/3013.png'),(35,'Dr_Ratio','The Hunt','Imaginary','DPS','FIVE','https://rerollcdn.com/STARRAIL/Characters/Full/3012.png'),(36,'Ruan_Mei','Harmony','Ice','Buffer','FIVE','https://rerollcdn.com/STARRAIL/Characters/Full/3011.png'),(37,'Hanya','Harmony','Physical','Buffer','FOUR','https://rerollcdn.com/STARRAIL/Characters/Full/3010.png'),(38,'Agenti','Erudition','Physical','DPS','FIVE','https://rerollcdn.com/STARRAIL/Characters/Full/3009.png'),(39,'Huohuo','Abundance','Wind','Healer','FIVE','https://rerollcdn.com/STARRAIL/Characters/Full/3008.png'),(40,'Guinaifen','Nihility','Fire','Debuffer','FOUR','https://rerollcdn.com/STARRAIL/Characters/Full/3007.png'),(41,'Topaz_and_Numby','The Hunt','Fire','DPS','FIVE','https://rerollcdn.com/STARRAIL/Characters/Full/3006.png'),(42,'Jingliu','Destruction','Ice','DPS','FIVE','https://rerollcdn.com/STARRAIL/Characters/Full/3005.png'),(43,'Lynx','Abundance','Quantum','Healer','FOUR','https://rerollcdn.com/STARRAIL/Characters/Full/3004.png'),(44,'Fu_Xuan','Abundance','Quantum','Tank','FIVE','https://rerollcdn.com/STARRAIL/Characters/Full/3003.png'),(45,'Dan_heng-Imbibitor_Lunae','Destruction','Imaginary','DPS','FIVE','https://rerollcdn.com/STARRAIL/Characters/Full/3002.png'),(46,'Luka','Nihility','Physical','DPS','FIVE','https://rerollcdn.com/STARRAIL/Characters/Full/3000.png'),(47,'Kafka','Nihility','Lightning','DPS','FIVE','https://rerollcdn.com/STARRAIL/Characters/Full/1005.png'),(48,'Blade','Destruction','Wind','DPS','FIVE','https://rerollcdn.com/STARRAIL/Characters/Full/1205.png'),(49,'Yukong','Harmony','Imaginary','Buffer','FIVE','https://rerollcdn.com/STARRAIL/Characters/Full/1207-2.png'),(50,'Luocha','Abundance','Imaginary','Healer','FIVE','https://rerollcdn.com/STARRAIL/Characters/Full/1203.png'),(51,'Silver Wolf','Nihility','Quantum','Debuffer','FIVE','https://rerollcdn.com/STARRAIL/Characters/Full/1006.png'),(52,'Jing Yuan','Erudition','Lightning','DPS','FIVE','https://rerollcdn.com/STARRAIL/Characters/Full/1204.png'),(53,'Sampo','Nihility','Wind','Debuffer','FOUR','https://rerollcdn.com/STARRAIL/Characters/Full/1108.png'),(54,'Yanqing','The Hunt','Ice','DPS','FIVE','https://rerollcdn.com/STARRAIL/Characters/Full/1209.png'),(55,'Bailu','Abundance','Lightning','Healer','FIVE','https://rerollcdn.com/STARRAIL/Characters/Full/1211.png'),(56,'Bronya','Harmony','Wind','Buffer','FIVE','https://rerollcdn.com/STARRAIL/Characters/Full/1101.png'),(57,'Clara','Destruction','Physical','DPS','FIVE','https://rerollcdn.com/STARRAIL/Characters/Full/1107.png'),(58,'Sushang','The Hunt','Physical','DPS','FOUR','https://rerollcdn.com/STARRAIL/Characters/Full/1206.png'),(59,'Tingyun','Harmony','Lightning','Buffer','FOUR','https://rerollcdn.com/STARRAIL/Characters/Full/1202.png'),(60,'Qingque','Erudition','Quantum','DPS','FOUR','https://rerollcdn.com/STARRAIL/Characters/Full/1201.png'),(61,'Serval','Erudition','Lightning','DPS','FOUR','https://rerollcdn.com/STARRAIL/Characters/Full/1103.png'),(62,'Hook','Destruction','Fire','DPS','FOUR','https://rerollcdn.com/STARRAIL/Characters/Full/1109.png'),(63,'Pela','Nihility','Ice','Debuffer','FOUR','https://rerollcdn.com/STARRAIL/Characters/Full/1106.png'),(64,'Natasha','Abundance','Physical','Healer','FOUR','https://rerollcdn.com/STARRAIL/Characters/Full/1105.png'),(65,'Himeko','Erudition','Fire','DPS','FIVE','https://rerollcdn.com/STARRAIL/Characters/Full/1003.png'),(66,'The_Herta','Erudition','Ice','DPS','FIVE','https://rerollcdn.com/STARRAIL/Characters/Full/3036.png');
/*!40000 ALTER TABLE `character` ENABLE KEYS */;
UNLOCK TABLES;

--
-- Table structure for table `lightcone`
--

DROP TABLE IF EXISTS `lightcone`;
/*!40101 SET @saved_cs_client     = @@character_set_client */;
/*!50503 SET character_set_client = utf8mb4 */;
CREATE TABLE `lightcone` (
  `LC_id` varchar(10) CHARACTER SET utf8mb4 COLLATE utf8mb4_0900_ai_ci NOT NULL,
  `LC_name` varchar(100) DEFAULT NULL,
  `LC_path` enum('Destruction','Preservation','Nihility','The Hunt','Harmony','Erudition','Abundance') CHARACTER SET utf8mb4 COLLATE utf8mb4_0900_ai_ci DEFAULT NULL,
  `LC_Effect` text CHARACTER SET utf8mb4 COLLATE utf8mb4_0900_ai_ci,
  `LC_images` varchar(100) CHARACTER SET utf8mb4 COLLATE utf8mb4_0900_ai_ci DEFAULT NULL,
  `LC_rarelity` enum('FIVE','FOUR') DEFAULT NULL,
  PRIMARY KEY (`LC_id`)
) ENGINE=InnoDB DEFAULT CHARSET=utf8mb4 COLLATE=utf8mb4_0900_ai_ci;
/*!40101 SET character_set_client = @saved_cs_client */;

--
-- Dumping data for table `lightcone`
--

LOCK TABLES `lightcone` WRITE;
/*!40000 ALTER TABLE `lightcone` DISABLE KEYS */;
INSERT INTO `lightcone` VALUES ('LC001','Along the Passing Shore','Nihility','Increases the wearer\'s CRIT DMG by 36/42/48/54/60%. When the wearer hits an enemy target, inflicts Mirage Fizzle on the enemy, lasting for 1 turn. Each time the wearer attacks, this effect can only trigger 1 time on each target. The wearer deals 24/28/32/36/40% increased DMG to targets afflicted with Mirage Fizzle, and the DMG dealt by the wearer\'s Ultimate additionally increases by 24/28/32/36/40%.','https://rerollcdn.com/STARRAIL/LightCones/along_the_passing_shore_sm.png','FIVE'),('LC002','In the Night','The Hunt','Increases the wearer\'s CRIT Rate by 18/21/24/27/30%.\nWhile the wearer is in battle, for every 10 SPD that exceeds 100, the DMG of the wearer\'s Basic ATK and Skill is increased by 6/7/8/9/10%, and the CRIT DMG of their Ultimate is increased by 12/14/16/18/20%.\nThis effect can stack up to 8 time(s).','https://rerollcdn.com/STARRAIL/LightCones/in_the_night_sm.png','FIVE'),('LC003','Brighter Than the Sun','Destruction','Increases the wearer\'s CRIT Rate by 18/21/24/27/30%. When the wearer uses their Basic ATK, they will gain 1 stack of Dragon\'s Call, lasting for 2 turns. Each stack of Dragon\'s Call increases the wearer\'s ATK by 18/21/24/27/30% and Energy Regeneration Rate by 6/7/8/9/10%. Dragon\'s Call can be stacked up to 2 times.','https://rerollcdn.com/STARRAIL/LightCones/brighter_than_the_sun_sm.png','FIVE'),('LC004','An Instant Before A Gaze','Erudition','Increases the wearer\'s CRIT DMG by 36/42/48/54/60%. When the wearer uses Ultimate, increases the wearer\'s Ultimate DMG based on their Max Energy. Each point of Energy increases the Ultimate DMG by 0.36/0.42/0.48/0.54/0.6%, up to 180 points of Energy.','https://rerollcdn.com/STARRAIL/LightCones/an_instant_before_a_gaze_sm.png','FIVE'),('LC005','In the Name of the World','Nihility','Increases the wearer\'s DMG to debuffed enemies by 24/28/32/36/40%.\r\nWhen the wearer uses their Skill, the Effect Hit Rate for this attack increases by 18/21/24/27/30%, and ATK increases by 24/28/32/36/40%.','https://rerollcdn.com/STARRAIL/LightCones/in_the_name_of_the_world_sm.png','FIVE'),('LC006','On the Fall of an Aeon','Destruction','Whenever the wearer attacks, increase their ATK by  8/10/12/14/16% in this battle, up to 4 time(s).\r\nWhen the wearer inflicts Weakness Break on enemies, the wearer\'s DMG increases by  12/15/18/21/24% for 2 turn(s).','https://rerollcdn.com/STARRAIL/LightCones/on_the_fall_of_an_aeon_sm.png','FIVE'),('LC007','Moment of Victory','Preservation','Increases the wearer\'s DEF by 24/28/32/36/40% and Effect Hit Rate by 24/28/32/36/40%.\r\nIncreases the chance for the wearer to be attacked by enemies.\r\nWhen the wearer is attacked, increase their DEF by an additional 24/28/32/36/40% until the end of the wearer\'s turn.','https://rerollcdn.com/STARRAIL/LightCones/moment_of_victory_sm.png','FIVE'),('LC008','Night of Fright','Abundance','Increases the wearer\'s Energy Regeneration Rate by 12/14/16/18/20%. When any ally uses their Ultimate, the wearer restores HP for the ally currently with the lowest HP percentage by an amount equal to 10/11/12/13/14% of the healed ally\'s Max HP. When the wearer provides healing for an ally, increases the healed ally\'s ATK by 2.4/2.8/3.2/3.6/4%. This effect can stack up to 5 times and lasts for 2 turn(s).','https://rerollcdn.com/STARRAIL/LightCones/night_of_fright_sm.png','FIVE'),('LC009','Patience Is All You Need','Nihility','Increases DMG dealt by the wearer by 24/28/32/36/40%. After every attack launched by wearer, their SPD increases by 4.8/5.6/6.4/7.2/8%, stacking up to 3 times.\r\nIf the wearer hits an enemy target that is not afflicted by Erode, there is a 100% base chance to inflict Erode to the target. Enemies afflicted with Erode are also considered to be Shocked and will receive Lightning DoT at the start of each turn equal to 60/70/80/90/100% of the wearer\'s ATK, lasting for 1 turn(s).','https://rerollcdn.com/STARRAIL/LightCones/patience_is_all_you_need_sm.png','FIVE'),('LC010','Scent Alone Stays True','Abundance','Increases the wearer\'s Break Effect by 100%. After the wearer uses Ultimate to attack enemy targets, inflicts the targets with the \"Woefree\" state, lasting for 2 turn(s). While in \"Woefree,\" enemy targets take 18% increased DMG. The effect of increasing DMG taken is additionally boosted by 16% if the wearer\'s current Break Effect is 150% or higher.','https://rerollcdn.com/STARRAIL/LightCones/scent_alone_stays_true_sm.png','FIVE'),('LC011','Yet Hope Is Priceless','Erudition','Increases the wearer\'s CRIT Rate by 16/19/22/25/28%. While the wearer is in battle, for every 20% CRIT DMG that exceeds 120%, the DMG dealt by follow-up attack increases by 12/14/16/18/20%. This effect can stack up to 4 time(s). When the battle starts or after the wearer uses their Basic ATK, enables Ultimate or the DMG dealt by follow-up attack to ignore 20/24/28/32/36% of the target\'s DEF, lasting for 2 turn(s).','https://rerollcdn.com/STARRAIL/LightCones/yet_hope_is_priceless_sm.png','FIVE'),('LC012','Worrisome, Blissful','The Hunt','Increase the wearer\'s CRIT Rate by 18/21/24/27/30% and their follow-up attacks\' DMG by 30/35/40/45/50%. After the wearer uses a follow-up attack, apply the Tame state to the target, stacking up to 2 stacks. When allies hit enemy targets under the Tame state, every Tame stack increases the CRIT DMG dealt by 12/14/16/18/20%.','https://rerollcdn.com/STARRAIL/LightCones/worrisome,_blissful_sm.png','FIVE'),('LC013','Whereabouts Should Dreams Rest','Destruction','Increases the wearer\'s Break Effect by 60/70/80/90/100%. When the wearer deals Break DMG to an enemy target, inflicts Routed on the enemy, lasting for 2 turn(s). Targets afflicted with Routed receive 24/28/32/36/40% increased Break DMG from the wearer, and their SPD is lowered by 20%. Effects of the similar type cannot be stacked.','https://rerollcdn.com/STARRAIL/LightCones/whereabouts_should_dreams_rest_sm.png','FIVE'),('LC014','Time Waits for No One','Abundance','Increases the wearer\'s Max HP by 18/21/24/27/30% and Outgoing Healing by 12/14/16/18/20%.\r\nWhen the wearer heals allies, record the amount of Outgoing Healing. When any ally launches an attack, a random attacked enemy takes additional DMG equal to 36/42/48/54/60% of the recorded Outgoing Healing value.\r\nThis additional DMG is of the same Type as the wearer\'s, is not affected by other buffs, and can only occur 1 time per turn.','https://rerollcdn.com/STARRAIL/LightCones/time_waits_for_no_one_sm.png','FIVE'),('LC015','Those Many Springs','Nihility','Increases the wearer\'s Effect Hit Rate by 100%. After the wearer uses Basic ATK, Skill, or Ultimate to attack an enemy target, there is a 60% base chance to inflict \"Unarmored\" on the target. While in the Unarmored state, the enemy target receives 18% increased DMG, lasting for 2 turn(s). If the target is under a DoT state inflicted by the wearer, there is a 60% base chance to upgrade the \"Unarmored\" state inflicted by the wearer to the \"Cornered\" state, which additionally increases the DMG the enemy target receives by 22%, lasting for 2 turn(s). During this period, the wearer cannot inflict \"Unarmored\" on the target.','https://rerollcdn.com/STARRAIL/LightCones/those_many_springs_sm.png','FIVE'),('LC016','The Unreachable Side','Destruction','Increases the wearer\'s CRIT rate by 18/21/24/27/30% and increases their Max HP by 18/21/24/27/30%. When the wearer is attacked or consumes their own HP, their DMG increases by 24/28/32/36/40%. This effect is removed after the wearer uses an attack.','https://rerollcdn.com/STARRAIL/LightCones/the_unreachable_side_sm.png','FIVE'),('LC017','The Battle Isn\'t Over','Harmony','Increases the wearer\'s Energy Regeneration Rate by 10/12/14/16/18% and regenerates 1 Skill Point when the wearer uses their Ultimate on an ally.','https://rerollcdn.com/STARRAIL/LightCones/the_battle_isn\'t_over_sm.png','FIVE'),('LC018','Texture of Memories','Preservation','Increases the wearer\'s Effect RES by  8/10/12/14/16%.\r\nIf the wearer is attacked and has no Shield, they gain a Shield equal to  16/20/24/28/32% of their Max HP for 2 turn(s).\r\nThis effect can only be triggered once every 3 turn(s).\r\nIf the wearer has a Shield when attacked, the DMG they receive decreases by  12/15/18/21/24%.','https://rerollcdn.com/STARRAIL/LightCones/texture_of_memories_sm.png','FIVE'),('LC019','Something Irreplaceable','Destruction','Increases the wearer\'s ATK by 24/28/32/36/40%.\r\nWhen the wearer defeats an enemy or is hit, immediately restores HP equal to 8/9/10/11/12% of the wearer\'s ATK.\r\nAt the same time, the wearer\'s DMG is increased by 24/28/32/36/40% until the end of their next turn.\r\nThis effect cannot stack and can only trigger 1 time per turn.','https://rerollcdn.com/STARRAIL/LightCones/something_irreplaceable_sm.png','FIVE'),('LC020','Solitary Healing','Nihility','Increases the wearer\'s Break Effect by 20/25/30/35/40%. When the wearer uses their Ultimate, increases DoT dealt by the wearer by 24/30/36/42/48%, lasting for 2 turn(s). When a target enemy suffering from DoT imposed by the wearer is defeated, regenerates 4/5/6/7/8 Energy for the wearer.','https://rerollcdn.com/STARRAIL/LightCones/solitary_healing_sm.png','FIVE'),('LC021','Sleep Like the Dead','The Hunt','Increases the wearer\'s CRIT DMG by 30/35/40/45/50%.\r\nWhen the wearer\'s Basic ATK or Skill does not result in a CRIT Hit, increases their CRIT Rate by 36/42/48/54/60% for 1 turn(s).\r\nThis effect can only trigger once every 3 turn(s).','https://rerollcdn.com/STARRAIL/LightCones/sleep_like_the_dead_sm.png','FIVE'),('LC022','She Already Shut Her Eyes','Preservation','Increases the wearer\'s Max HP by 24/28/32/36/40% and Energy Regeneration Rate by 12/14/16/18/20%. When the wearer\'s HP is reduced, all allies\' DMG dealt increases by 9/10.5/12/13.5/15%, for 2 turn(s).\r\nAt the start of every wave, restores HP to all allies by an amount equal to 80/85/90/95/100% of their respective lost HP.','https://rerollcdn.com/STARRAIL/LightCones/she_already_shut_her_eyes_sm.png','FIVE'),('LC023','Sailing Towards A Second Life','The Hunt','Increases the wearer\'s Break Effect by 60/70/80/90/100%. The Break DMG dealt by the wearer ignores 20/23/26/29/32% of the target\'s DEF. When the wearer\'s Break Effect in battle is at 150% or greater, increases their SPD by 12/14/16/18/20%.','https://rerollcdn.com/STARRAIL/LightCones/sailing_towards_a_second_life_sm.png','FIVE'),('LC024','Reforged Remembrance','Nihility','Increases the wearer\'s Effect Hit Rate by 40/45/50/55/60%. When the wearer deals DMG to an enemy inflicted with Wind Shear, Burn, Shock, or Bleed, each respectively grants 1 stack of Prophet, stacking up to 4 time(s). In a single battle, only 1 stack of Prophet can be granted for each type of DoT. Every stack of Prophet increases wearer\'s ATK by 5/6/7/8/9% and enables the DoT dealt to ignore 7.2/7.9/8.6/9.3/10% of the target\'s DEF.','https://rerollcdn.com/STARRAIL/LightCones/reforged_remembrance_sm.png','FIVE'),('LC025','Past Self in Mirror','Harmony','Increases the wearer\'s Break Effect by 60/70/80/90/100%. When the wearer uses their Ultimate, increases all allies\' DMG by 24/28/32/36/40%, lasting for 3 turn(s). Should the wearer\'s Break Effect exceed or equal 150%, 1 Skill Point will be recovered. At the start of each wave, all allies regenerate 10/12.5/15/17.5/20 Energy immediately. Effects of the same type cannot stack.','https://rerollcdn.com/STARRAIL/LightCones/past_self_in_mirror_sm.png','FIVE'),('LC026','Ninjutsu Inscription: Dazzling Evilbreak','Erudition','Increases the wearer\'s Break Effect by 100%. When entering battle, immediately regenerates 40 Energy. After the wearer uses Ultimate, obtains \"Raiton.\" After using 2 Basic ATKs, advances the wearer\'s action by 70% and removes \"Raiton.\" After the wearer uses Ultimate, resets \"Raiton.\"','https://rerollcdn.com/STARRAIL/LightCones/ninjutsu_inscription_dazzling_evilbreak_sm.png','FIVE'),('LC027','Night on the Milky Way','Erudition','For every enemy on the field, increases the wearer\'s ATK by 9/10.5/12/13.5/15%, up to 5 stacks.\r\nWhen an enemy is inflicted with Weakness Break, the DMG dealt by the wearer increases by 30/35/40/45/50% for 1 turn.','https://rerollcdn.com/STARRAIL/LightCones/night_on_the_milky_way_sm.png','FIVE'),('LC028','Into the Unreachable Veil','Erudition','Increases the wearer\'s CRIT Rate by 20%. When the wearer uses Ultimate, increases the Skill and Ultimate DMG dealt by the wearer by 100%, lasting for 3 turn(s). After the wearer uses Ultimate, if this instance of Ultimate consumed 140 or more Energy, recovers 1 Skill Point.','https://rerollcdn.com/STARRAIL/LightCones/into_the_unreachable_veil_sm.png','FIVE'),('LC029','Inherently Unjust Destiny','Preservation','Increases the wearer\'s DEF by 40/46/52/58/64%. When the wearer provides a Shield to an ally, the wearer\'s CRIT DMG increases by 40/46/52/58/64%, lasting for 2 turn(s). When the wearer\'s follow-up attack hits an enemy target, there is a 100/115/130/145/160% base chance to increase the DMG taken by the attacked enemy target by 10/11.5/13/14.5/16%, lasting for 2 turn(s).','https://rerollcdn.com/STARRAIL/LightCones/inherently_unjust_destiny_sm.png','FIVE'),('LC030','Incessant Rain','Nihility','Increases the wearer\'s Effect Hit Rate by 24/28/32/36/40%. When the wearer deals DMG to an enemy that currently has 3 or more debuffs, increases the wearer\'s CRIT Rate by 12/14/16/18/20%. After the wearer uses their Basic ATK, Skill, or Ultimate, there is a 100% base chance to implant Aether Code on a random hit target that does not yet have it. Targets with Aether Code receive 12/14/16/18/20% increased DMG for 1 turn.','https://rerollcdn.com/STARRAIL/LightCones/incessant_rain_sm.png','FIVE'),('LC031','I Venture Forth to Hunt','The Hunt','Increases the wearer\'s CRIT Rate by 25%. When the wearer launches a follow-up attack, gains 1 stack of \"Luminflux,\" stacking up to 2 time(s). Each stack of \"Luminflux\" enables the Ultimate DMG dealt by the wearer to ignore 39% of the target\'s DEF. When the wearer\'s turn ends, removes 1 stack of \"Luminflux.\"','https://rerollcdn.com/STARRAIL/LightCones/i_venture_forth_to_hunt_sm.png','FIVE'),('LC032','I Shall Be My Own Sword','Destruction','Increases the wearer\'s CRIT DMG by 20%/23/26/29/32%. When an ally gets attacked or loses HP, the wearer gains 1 stack of Eclipse, up to a max of 3 stack(s). Each stack of Eclipse increases the DMG of the wearer\'s next attack by 14/16.5/19/21.5/24%. When 3 stack(s) are reached, additionally enables the attack to ignore 12/14/16/18/20% of the enemy\'s DEF. This effect will be removed after the wearer uses an attack.','https://rerollcdn.com/STARRAIL/LightCones/i_shall_be_my_own_sword_sm.png','FIVE'),('LC033','Flowing Nightglow','Harmony','Every time an ally attacks, the wearer gains 1 stack of Cantillation. Each stack of Cantillation increases the wearer\'s Energy Regeneration Rate by 3/3.5/4/4.5/5%, stacking up to 5 time(s). When the wearer uses their Ultimate, removes Cantillation and gains Cadenza. Cadenza increases the Wearer\'s ATK by 48/60/72/84/96% and increases all allies\' DMG dealt by 24/28/32/36/40%, lasting for 1 turn(s).','https://rerollcdn.com/STARRAIL/LightCones/flowing_nightglow_sm.png','FIVE'),('LC034','Eternal Calculus','Erudition','Increases the wearer\'s ATK by 12%. After using an attack, for each enemy target hit, additionally increases ATK by 8%. This effect can stack up to 5 times and last until the next attack. If there are 3 or more enemy targets hit, this unit\'s SPD increases by 16%, lasting for 1 turn(s).','https://rerollcdn.com/STARRAIL/LightCones/eternal_calculus_sm.png','FIVE'),('LC035','Echoes of the Coffin','Abundance','Increases the wearer\'s ATK by 24/28/32/36/40%. After the wearer uses an attack, for each different enemy target the wearer hits, regenerates 3/3.5/4/4.5/5 Energy. Each attack can regenerate Energy up to 3 time(s) this way. After the wearer uses their Ultimate, all allies gain 12/14/16/18/20 SPD for 1 turn.','https://rerollcdn.com/STARRAIL/LightCones/echoes_of_the_coffin_sm.png','FIVE'),('LC036','Earthly Escapade','Harmony','Increases the wearer\'s CRIT DMG by 32/39/46/53/60%. At the start of the battle, the wearer gains Mask, lasting for 3 turn(s). While the wearer has Mask, the wearer\'s allies have their CRIT Rate increased by 10/11/12/13/14% and their CRIT DMG increased by 28/35/42/49/56%. For every 1 Skill Point the wearer recovers (including Skill Points that exceed the limit), they gain 1 stack of Radiant Flame. And when the wearer has 4 stacks of Radiant Flame, all the stacks are removed, and they gain Mask for 4 turn(s).','https://rerollcdn.com/STARRAIL/LightCones/earthly_escapade_sm.png','FIVE'),('LC037','Dance at Sunset','Destruction','Greatly increases the wearer\'s chance of getting attacked and increases CRIT DMG by 60%. After the wearer uses Ultimate, receives 1 stack of Firedance, lasting for 2 turns and stacking up to 2 time(s). Each stack of Firedance increases the DMG dealt by the wearer\'s follow-up attack by 60%.','https://rerollcdn.com/STARRAIL/LightCones/dance_at_sunset_sm.png','FIVE'),('LC038','Cruising in the Stellar Sea','The Hunt','Increases the wearer\'s CRIT Rate by  8/10/12/14/16%, and increases their CRIT Rate against enemies with HP less than or equal to 50% by an extra 8/10/12/14/16%.','https://rerollcdn.com/STARRAIL/LightCones/cruising_in_the_stellar_sea_sm.png','FIVE'),('LC039','Before Dawn','Erudition','Increases the wearer\'s CRIT DMG by 36/42/48/54/60%.','https://rerollcdn.com/STARRAIL/LightCones/before_dawn_sm.png','FIVE'),('LC040','Baptism of Pure Thought','The Hunt','Increases the wearer\'s CRIT DMG by 20/23/26/29/32%. For every debuff on the enemy target, the wearer\'s CRIT DMG dealt against this target increases by 8/9/10/11/12%, stacking up to 3 times. When using Ultimate to attack the enemy target, the wearer receives the Disputation effect, which increases DMG dealt by 36/42/48/54/60% and enables their follow-up attacks to ignore 24/28/32/36/40% of the target\'s DEF. This effect lasts for 2 turns.','https://rerollcdn.com/STARRAIL/LightCones/baptism_of_pure_thought_sm.png','FIVE'),('LC041','A Secret Vow','Destruction','Increases DMG dealt by the wearer by 20/25/30/35/40%.','https://rerollcdn.com/STARRAIL/LightCones/a_secret_vow_sm.png','FOUR'),('LC042','After the Charmony Fall','Erudition','Increases the wearer\'s Break Effect by 56%. After the wearer uses Ultimate, increases SPD by 16%, lasting for 2 turn(s).','https://rerollcdn.com/STARRAIL/LightCones/after_the_charmony_fall_sm.png','FOUR'),('LC043','Before the Tutorial Mission Starts','Nihility','Increases the wearer\'s Effect Hit Rate by 20/25/30/35/40%. When the wearer attacks DEF-reduced enemies, regenerates 4/5/6/7/8 Energy.','https://rerollcdn.com/STARRAIL/LightCones/before_the_tutorial_mission_starts_sm.png','FOUR'),('LC044','Boundless Choreo','Nihility','Increase the wearer\'s CRIT Rate by 8/10/12/14/16%. The wearer deals 24/30/36/42/48% more CRIT DMG to enemies that are currently Slowed or have reduced DEF.','https://rerollcdn.com/STARRAIL/LightCones/boundless_choreo_sm.png','FOUR'),('LC045','Carve the Moon, Weave the Clouds','Harmony','At the start of the battle and whenever the wearer\'s turn begins, one of the following effects is applied randomly:\r\nAll allies\' ATK increases by 10/12.5/15/17.5/20%, all allies\' CRIT DMG increases by 12/15/18/21/24%, or all allies\' Energy Regeneration Rate increases by 6/7.5/9/10.5/12%.\r\nThe applied effect cannot be identical to the last effect applied, and will replace the previous effect. The applied effect will be removed when the wearer has been knocked down.\r\nEffects of the similar type cannot be stacked.','https://rerollcdn.com/STARRAIL/LightCones/carve_the_moon,_weave_the_clouds_sm.png','FOUR'),('LC046','Concert for Two','Preservation','Increases the wearer\'s DEF by 16/20/24/28/32%. For every on-field character that has a Shield, the DMG dealt by the wearer increases by 4/5/6/7/8%.','https://rerollcdn.com/STARRAIL/LightCones/concert_for_two_sm.png','FOUR'),('LC047','Dance! Dance! Dance!','Harmony','When the wearer uses their Ultimate, all allies\' actions are Advanced Forward by 16/18/20/22/24%.','https://rerollcdn.com/STARRAIL/LightCones/dance!_dance!_dance!_sm.png','FOUR'),('LC048','Day One of My New Life','Preservation','Increases the wearer\'s DEF by 16/18/20/22/24%.','https://rerollcdn.com/STARRAIL/LightCones/day_one_of_my_new_life_sm.png','FOUR'),('LC049','Destiny\'s Threads Forewoven','Preservation','Increases the wearer\'s Effect RES by 12/14/16/18/20%. For every 100 of DEF the wearer has, increases the wearer\'s DMG dealt by 0.8/0.9/1/1.1/1.2%, up to a maximum DMG increase of 32/36/40/44/48%.','https://rerollcdn.com/STARRAIL/LightCones/destiny\'s_threads_forewoven_sm.png','FOUR'),('LC050','Dream\'s Montage','Abundance','Increases the wearer\'s SPD by 12%. After attacking enemy targets that are Weakness Broken, regenerates 5 Energy. This effect can trigger up to 2 time(s) per turn.','https://rerollcdn.com/STARRAIL/LightCones/dream\'s_montage_sm.png','FOUR'),('LC051','Dreamville Adventure','Harmony','After the wearer uses a certain type of ability such as Basic ATK, Skill, or Ultimate, all allies gain Childishness, which increases allies\' DMG for the same type of ability as used by the wearer by 12/14/16/18/20%. Childishness only takes effect for the most recent type of ability the wearer used and cannot be stacked.','https://rerollcdn.com/STARRAIL/LightCones/dreamville_adventure_sm.png','FOUR'),('LC052','Eyes of the Prey','Nihility','Increases Effect Hit Rate of its wearer by 20/25/30/35/40% and increases DoT by 24/30/36/42/48%.','https://rerollcdn.com/STARRAIL/LightCones/eyes_of_the_prey_sm.png','FOUR'),('LC053','Fermata','Nihility','Increases the Break Effect dealt by the wearer by 16/20/24/28/32%, and increases their DMG to enemies afflicted with Shock or Wind Shear by 16/20/24/28/32%.','https://rerollcdn.com/STARRAIL/LightCones/fermata_sm.png','FOUR'),('LC054','Final Victor','The Hunt','Increases the wearer\'s ATK by 12/14/16/18/20%. When the wearer lands a CRIT hit on enemies, gains a stack of Good Fortune, stacking up to 4 time(s). Every stack of Good Fortune the wearer has will increase their CRIT DMG by 8/9/10/11/12%. Good Fortune will be removed at the end of the wearer\'s turn.','https://rerollcdn.com/STARRAIL/LightCones/final_victor_sm.png','FOUR'),('LC055','Flames Afar','Destruction','When the cumulative HP loss of the wearer during a single attack exceeds 25% of their Max HP, or if the amount of their own HP they consume at one time is greater than 25% of their Max HP, immediately heals the wearer for 15% of their Max HP, and at the same time, increases the DMG they deal by 25/31.25/37.5/43.75/50% for 2 turn(s). This effect can only be triggered once every 3 turn(s).','https://rerollcdn.com/STARRAIL/LightCones/flames_afar_sm.png','FOUR'),('LC056','For Tomorrow\'s Journey','Harmony','Increases the wearer\'s ATK by 16/20/24/28/32%. After the wearer uses their Ultimate, increases their DMG dealt by 18/21/24/27/30%, lasting for 1 turn(s).','https://rerollcdn.com/STARRAIL/LightCones/for_tomorrow\'s_journey_sm.png','FOUR'),('LC057','Geniuses\' Repose','Erudition','Increases the wearer\'s ATK by 16/20/24/28/32%. When the wearer defeats an enemy, the wearer\'s CRIT DMG increases by 24/30/36/42/48% for 3 turn(s).','https://rerollcdn.com/STARRAIL/LightCones/geniuses\'_repose_sm.png','FOUR'),('LC058','Good Night and Sleep Well','Nihility','For every debuff the target enemy has, the DMG dealt by the wearer increases by 12/15/18/21/24%, stacking up to 3 time(s).\r\nThis effect also applies to DoT.','https://rerollcdn.com/STARRAIL/LightCones/good_night_and_sleep_well_sm.png','FOUR'),('LC059','Hey, Over Here','Abundance','Increases the wearer\'s Max HP by 8/9/10/11/12%. When the wearer uses Skill, increases Outgoing Healing by 16/19/22/25/28%, lasting for 2 turn(s).','https://rerollcdn.com/STARRAIL/LightCones/hey,_over_here_sm.png','FOUR'),('LC060','Indelible Promise','Destruction','Increases the wearer\'s Break Effect by 28/35/42/49/56%. When the wearer uses their Ultimate, increases CRIT Rate by 15/18.75/22.5/26.25/30%, lasting for 2 turn(s).','https://rerollcdn.com/STARRAIL/LightCones/indelible_promise_sm.png','FOUR'),('LC061','It\'s Showtime','Nihility','When the wearer inflicts a debuff on an enemy, gains a stack of Trick. Every stack of Trick increases the wearer\'s DMG dealt by 6/7/8/9/10%, stacking up to 3 time(s). This effect lasts for 1 turn(s). When the wearer\'s Effect Hit Rate is 80% or higher, increases ATK by 20/24/26/28/30%.','https://rerollcdn.com/STARRAIL/LightCones/it\'s_showtime_sm.png','FOUR'),('LC062','Landau\'s Choice','Preservation','The wearer is more likely to be attacked, but DMG taken is reduced by 16/18/20/22/24%.','https://rerollcdn.com/STARRAIL/LightCones/landau\'s_choice_sm.png','FOUR'),('LC063','Long Road Leads Home','Nihility','Increases the wearer\'s Break Effect by 100%. When an enemy target\'s Weakness gets broken, there is a 100% base chance to inflict the \"Charring\" state on it, which increases its Break DMG taken by 30%, lasting for 2 turn(s). This effect can stack 2 time(s).','https://rerollcdn.com/STARRAIL/LightCones/long_road_leads_home_sm.png','FOUR'),('LC064','Make the World Clamor','Erudition','The wearer regenerates 20/23/26/29/32 Energy immediately upon entering battle, and increases Ultimate DMG by 32/40/48/56/64%.','https://rerollcdn.com/STARRAIL/LightCones/make_the_world_clamor_sm.png','FOUR'),('LC065','Memories of the Past','Harmony','Increases the wearer\'s Break Effect by 28/35/42/49/56%.','https://rerollcdn.com/STARRAIL/LightCones/memories_of_the_past_sm.png','FOUR'),('LC066','Ninja Record: Sound Hunt','Destruction','Increases the wearer\'s Max HP by 24%. When losing or restoring this unit\'s HP, increases CRIT DMG by 36%, lasting for 2 turn(s). This effect can only trigger once per turn.','https://rerollcdn.com/STARRAIL/LightCones/ninja_record_sound_hunt_sm.png','FOUR'),('LC067','Nowhere to Run','Destruction','Increases the wearer\'s ATK by 24/30/36/42/48%.\r\nWhenever the wearer defeats an enemy, they restore HP equal to 12/15/18/21/24% of their ATK.','https://rerollcdn.com/STARRAIL/LightCones/nowhere_to_run_sm.png','FOUR'),('LC068','Only Silence Remains','The Hunt','Increases ATK of its wearer by 16/20/24/28/32%.','https://rerollcdn.com/STARRAIL/LightCones/only_silence_remains_sm.png','FOUR'),('LC069','Past and Future','Harmony','When the wearer uses their Skill, then the next ally taking action (except the wearer) deals 16/20/24/28/32% increased DMG for 1 turn(s).','https://rerollcdn.com/STARRAIL/LightCones/past_and_future_sm.png','FOUR'),('LC070','Perfect Timing','Abundance','Increases the wearer\'s Effect RES by 16/20/24/28/32% and increases Outgoing Healing by an amount that is equal to 33/36/39/42/45% of Effect RES. Outgoing Healing can be increased this way by up to 15/18/21/24/27%.','https://rerollcdn.com/STARRAIL/LightCones/perfect_timing_sm.png','FOUR'),('LC071','Planetary Rendezvous','Harmony','Upon battle entry, if an ally deals the same DMG Type as the wearer, DMG dealt increases by 12/15/18/21/24%.','https://rerollcdn.com/STARRAIL/LightCones/planetary_rendezvous_sm.png','FOUR'),('LC072','Poised to Bloom','Harmony','Increases the wearer\'s ATK by 32%. Upon entering battle, if two or more characters follow the same Path, then these characters\' CRIT DMG increases by 32%. Abilities of the same type cannot stack.','https://rerollcdn.com/STARRAIL/LightCones/poised_to_bloom_sm.png','FOUR'),('LC073','Post-Op Conversation','Abundance','Increases Energy Regeneration Rate of its wearer by 8/10/12/14/16% and increases Outgoing Healing when they use their Ultimate by 12/15/18/21/24%.','https://rerollcdn.com/STARRAIL/LightCones/post-op_conversation_sm.png','FOUR'),('LC074','Quid Pro Quo','Abundance','At the start of the wearer\'s turn, regenerates 8/10/12/14/16 Energy for a randomly chosen ally (excluding the wearer) whose current Energy is lower than 50%.','https://rerollcdn.com/STARRAIL/LightCones/quid_pro_quo_sm.png','FOUR'),('LC075','Resolution Shines As Pearls of Sweat','Nihility','When the wearer hits an enemy and if the hit enemy is not already Ensnared, then there is a 60/70/80/90/100% base chance to Ensnare the hit enemy. Ensnared enemies\' DEF decreases by 12/13/14/15/16% for 1 turn(s).','https://rerollcdn.com/STARRAIL/LightCones/resolution_shines_as_pearls_of_sweat_sm.png','FOUR'),('LC076','Return to Darkness','The Hunt','Increases the wearer\'s CRIT Rate by 12/15/18/21/24%.\r\nAfter a CRIT Hit, there is a 16/20/24/28/32% fixed chance to dispel 1 buff on the target enemy.\r\nThis effect can only trigger 1 time per attack.','https://rerollcdn.com/STARRAIL/LightCones/return_to_darkness_sm.png','FOUR'),('LC077','River Flows in Spring','The Hunt','After entering battle, increases the wearer\'s SPD by 8/9/10/11/12% and DMG by 12/15/18/21/24%. When the wearer takes DMG, this effect will disappear. This effect will resume after the end of the wearer\'s next turn.','https://rerollcdn.com/STARRAIL/LightCones/river_flows_in_spring_sm.png','FOUR'),('LC078','Shadowed by Night','The Hunt','Increases the wearer\'s Break Effect by 56%. When entering battle or after dealing Break DMG, increases SPD by 12%., lasting for 2 turn(s). This effect can only trigger once per turn.','https://rerollcdn.com/STARRAIL/LightCones/shadowed_by_night_sm.png','FOUR'),('LC079','Shared Feeling','Abundance','Increases the wearer\'s Outgoing Healing by 10/12.5/15/17.5/20%.\r\nWhen using Skill, regenerates 2/2.5/3/3.5/4 Energy for all allies.','https://rerollcdn.com/STARRAIL/LightCones/shared_feeling_sm.png','FOUR'),('LC080','Subscribe for More!','The Hunt','Increases the DMG of the wearer\'s Basic ATK and Skill by 24/30/36/42/48%. This effect increases by an extra 24/30/36/42/48% when the wearer\'s current Energy reaches its max level.','https://rerollcdn.com/STARRAIL/LightCones/subscribe_for_more!_sm.png','FOUR'),('LC081','Swordplay','The Hunt','For each time the wearer hits the same target, DMG dealt increases by 8/10/12/14/16%, stacking up to 5 time(s).','https://rerollcdn.com/STARRAIL/LightCones/swordplay_sm.png','FOUR'),('LC082','The Birth of the Self','Erudition','Increases DMG dealt by the wearer\'s follow-up attacks by 24/30/36/42/48%.\r\nIf the current HP of the target enemy is below or equal to 50%, increases DMG dealt by follow-up attacks by an extra 24/30/36/42/48%.','https://rerollcdn.com/STARRAIL/LightCones/the_birth_of_the_self_sm.png','FOUR'),('LC083','The Day The Cosmos Fell','Erudition','Increases the wearer\'s ATK by 16/18/20/22/24%. When the wearer uses an attack and at least 2 attacked enemies have the corresponding Weakness, the wearer\'s CRIT DMG increases by 20/25/30/35/40% for 2 turn(s).','https://rerollcdn.com/STARRAIL/LightCones/the_day_the_cosmos_fell_sm.png','FOUR'),('LC084','The Moles Welcome You','Destruction','When the wearer uses Basic ATK, Skill, or Ultimate to attack enemies, the wearer gains one stack of Mischievous.','https://rerollcdn.com/STARRAIL/LightCones/the_moles_welcome_you_sm.png','FOUR'),('LC085','The Seriousness of Breakfast','Erudition','Increases the wearer\'s DMG by 12/15/18/21/24%.','https://rerollcdn.com/STARRAIL/LightCones/the_seriousness_of_breakfast_sm.png','FOUR'),('LC086','This Is Me!','Preservation','Increases the wearer\'s DEF by 16/20/24/28/32%.','https://rerollcdn.com/STARRAIL/LightCones/this_is_me!_sm.png','FOUR'),('LC087','Today is Another Peaceful Day','Erudition','After entering battle, increases the wearer\'s DMG based on their Max Energy.','https://rerollcdn.com/STARRAIL/LightCones/today_is_another_peaceful_day_sm.png','FOUR'),('LC088','Trend of the Universal Market','Preservation','Increases the wearer\'s DEF by 16/20/24/28/32%. When the wearer is attacked, there is a 100/105/110/115/120% base chance to Burn the enemy. For each turn, the wearer deals DoT that is equal to 40/50/60/70/80% of the wearer\'s DEF for 2 turn(s).','https://rerollcdn.com/STARRAIL/LightCones/trend_of_the_universal_market_sm.png','FOUR'),('LC089','Under the Blue Sky','Destruction','Increases the wearer\'s ATK by 16/20/24/28/32%. When the wearer defeats an enemy, the wearer\'s CRIT Rate increases by 12/15/18/21/24% for 3 turn(s).','https://rerollcdn.com/STARRAIL/LightCones/under_the_blue_sky_sm.png','FOUR'),('LC090','Warmth Shortens Cold Nights','Abundance','Increases the wearer\'s Max HP by 16/20/24/28/32%.','https://rerollcdn.com/STARRAIL/LightCones/warmth_shortens_cold_nights_sm.png','FOUR'),('LC091','We Are Wildfire','Preservation','At the start of the battle, the DMG dealt to all allies decreases by 8/10/12/14/16% for 5 turn(s). At the same time, immediately restores HP to all allies equal to 30/35/40/45/50% of the respective HP difference between the characters\' Max HP and current HP.','https://rerollcdn.com/STARRAIL/LightCones/we_are_wildfire_sm.png','FOUR'),('LC092','We Will Meet Again','Nihility','After the wearer uses Basic ATK or Skill, deals Additional DMG equal to 48/60/72/84/96% of the wearer\'s ATK to a random enemy that has been attacked.','https://rerollcdn.com/STARRAIL/LightCones/we_will_meet_again_sm.png','FOUR'),('LC093','What Is Real?','Abundance','Increases the wearer\'s Break Effect by 24/30/36/42/48%. After using Basic ATK, restores HP for the wearer by an amount equal to 2/2.5/3/3.5/4% of Max HP plus 800.','https://rerollcdn.com/STARRAIL/LightCones/what_is_real_sm.png','FOUR'),('LC094','Woof! Walk Time!','Destruction','Increases the wearer\'s ATK by 10/12.5/15/17.5/20%, and increases their DMG to enemies affected with Burn or Bleed by 16/20/24/28/32%.','https://rerollcdn.com/STARRAIL/LightCones/woof!_walk_time!_sm.png','FOUR');
/*!40000 ALTER TABLE `lightcone` ENABLE KEYS */;
UNLOCK TABLES;

--
-- Table structure for table `planar_ornaments`
--

DROP TABLE IF EXISTS `planar_ornaments`;
/*!40101 SET @saved_cs_client     = @@character_set_client */;
/*!50503 SET character_set_client = utf8mb4 */;
CREATE TABLE `planar_ornaments` (
  `PO_id` varchar(10) NOT NULL,
  `PO_name` varchar(100) DEFAULT NULL,
  `PO_Effect` text CHARACTER SET utf8mb4 COLLATE utf8mb4_0900_ai_ci,
  PRIMARY KEY (`PO_id`)
) ENGINE=InnoDB DEFAULT CHARSET=utf8mb4 COLLATE=utf8mb4_0900_ai_ci;
/*!40101 SET character_set_client = @saved_cs_client */;

--
-- Dumping data for table `planar_ornaments`
--

LOCK TABLES `planar_ornaments` WRITE;
/*!40000 ALTER TABLE `planar_ornaments` DISABLE KEYS */;
INSERT INTO `planar_ornaments` VALUES ('PO001','Belobog of the Architects','Increases the wearer\'s DEF by 15%.When the wearer\'s Effect Hit Rate is 50% or higher, the wearer gains an extra 15% DEF.'),('PO002','Broken Keel','Increases the wearer\'s Effect RES by 10%.When the wearer\'s Effect RES is at 30% or higher, all allies\' CRIT DMG increases by 10%.'),('PO003','Fleet of the Ageless','Increases the wearer\'s Max HP by 12%.When the wearer\'s SPD reaches 120 or higher, all allies\' ATK increases by 8%.'),('PO004','Inert Salsotto','Increases the wearer\'s CRIT Rate by 8%.When the wearer\'s current CRIT Rate reaches 50% or higher, the wearer\'s Ultimate and follow-up attack DMG increases by 15%.'),('PO005','Izumo Gensei and Takama Divine Realm','Increases the wearer\'s ATK by 12%. When entering battle, if at least one other ally follows the same Path as the wearer, then the wearer\'s CRIT Rate increases by 12%.'),('PO006','Lushaka, the Sunken Seas','ncreases the wearer\'s Energy Regeneration Rate by 5%.If the wearer is not the first character in the team lineup, then increases the ATK of the first character in the team lineup by 12%.'),('PO007','Sprightly Vonwacq','Increases the wearer\'s Energy Regeneration Rate by 5%.When the wearer\'s SPD reaches 120 or higher, the wearer\'s action is Advanced Forward by 40% immediately upon entering battle.'),('PO008','Space Sealing Station','Increases the wearer\'s ATK by 12%.When the wearer\'s SPD reaches 120 or higher, the wearer\'s ATK increases by an extra 12%.'),('PO009','Firmament Frontline: Glamoth','Increases the wearer\'s ATK by 12%.When the wearer\'s SPD is equal to or higher than 135/160, the wearer deals 12%/18% more DMG.'),('PO010','Rutilant Arena','Increases the wearer\'s CRIT Rate by 8%.When the wearer\'s current CRIT Rate reaches 70% or higher, the wearer\'s Basic ATK and Skill DMG increase by 20%.'),('PO011','Celestial Differentiator','Increases the wearer\'s CRIT DMG by 16%.When the wearer\'s current CRIT DMG reaches 120% or higher, after entering battle, the wearer\'s CRIT Rate increases by 60% until the end of their first attack.'),('PO012','Duran, Dynasty of Running Wolves','When allies use follow-up attacks, the wearer gains 1 stack of Merit, stacking up to 5 times. Each stack of Merit increases the DMG dealt by the wearer\'s follow-up attacks by 5%. When there are 5 stacks, additionally increases the wearer\'s CRIT DMG by 25%.'),('PO013','Forge of the Kalpagni Lantern','Increases the wearer\'s SPD by 6%.When the wearer hits an enemy target that has Fire Weakness, the wearer\'s Break Effect increases by 40%, lasting for 1 turn(s).'),('PO014','Pan-Galactic Commercial Enterprise','Increases the wearer\'s Effect Hit Rate by 10%.Meanwhile, the wearer\'s ATK increases by an amount that is equal to 25% of the current Effect Hit Rate, up to a maximum of 25%.'),('PO015','Penacony, Land of the Dreams','Increases wearer\'s Energy Regeneration Rate by 5%.Increases DMG by 10% for all other allies that are of the same Type as the wearer.'),('PO016','Sigonia, the Unclaimed Desolation','Increases the wearer\'s CRIT Rate by 4%.When an enemy target gets defeated, the wearer\'s CRIT DMG increases by 4%, stacking up to 10 time(s).'),('PO017','Talia: Kingdom of Banditry','Increases the wearer\'s Break Effect by 16%.When the wearer\'s SPD reaches 145 or higher, the wearer\'s Break effect increases by an extra 20%.'),('PO018','The Wondrous BananAmusement Park','Increases the wearer\'s CRIT DMG by 16%.When a target summoned by the wearer is on the field, CRIT DMG additionally increases by 32%.');
/*!40000 ALTER TABLE `planar_ornaments` ENABLE KEYS */;
UNLOCK TABLES;

--
-- Table structure for table `recomment_record`
--

DROP TABLE IF EXISTS `recomment_record`;
/*!40101 SET @saved_cs_client     = @@character_set_client */;
/*!50503 SET character_set_client = utf8mb4 */;
CREATE TABLE `recomment_record` (
  `RC_id` int NOT NULL AUTO_INCREMENT,
  `RC_name` varchar(100) DEFAULT NULL,
  `C_id` int DEFAULT NULL,
  `C_name` varchar(100) DEFAULT NULL,
  `R_id` varchar(10) CHARACTER SET utf8mb4 COLLATE utf8mb4_0900_ai_ci DEFAULT NULL,
  `R_name` varchar(100) DEFAULT NULL,
  `R_Effect_4` text CHARACTER SET utf8mb4 COLLATE utf8mb4_0900_ai_ci,
  `LC_id` varchar(10) CHARACTER SET utf8mb4 COLLATE utf8mb4_0900_ai_ci DEFAULT NULL,
  `LC_name` varchar(100) DEFAULT NULL,
  `LC_Effect` text,
  `PO_id` varchar(10) DEFAULT NULL,
  `PO_name` varchar(100) DEFAULT NULL,
  `PO_Effect` text,
  `uid` int DEFAULT NULL,
  `Rec_images` varchar(100) DEFAULT NULL,
  PRIMARY KEY (`RC_id`),
  KEY `recomment_record_character_FK` (`C_id`),
  KEY `recomment_record_lightcone_FK` (`LC_id`),
  KEY `recomment_record_planar_ornaments_FK` (`PO_id`),
  KEY `recomment_record_relic_set_FK` (`R_id`),
  KEY `recomment_record_user_FK` (`uid`),
  CONSTRAINT `recomment_record_character_FK` FOREIGN KEY (`C_id`) REFERENCES `character` (`C_id`),
  CONSTRAINT `recomment_record_lightcone_FK` FOREIGN KEY (`LC_id`) REFERENCES `lightcone` (`LC_id`),
  CONSTRAINT `recomment_record_planar_ornaments_FK` FOREIGN KEY (`PO_id`) REFERENCES `planar_ornaments` (`PO_id`),
  CONSTRAINT `recomment_record_relic_set_FK` FOREIGN KEY (`R_id`) REFERENCES `relic_set` (`R_id`),
  CONSTRAINT `recomment_record_user_FK` FOREIGN KEY (`uid`) REFERENCES `user` (`uid`)
) ENGINE=InnoDB AUTO_INCREMENT=14 DEFAULT CHARSET=utf8mb4 COLLATE=utf8mb4_0900_ai_ci;
/*!40101 SET character_set_client = @saved_cs_client */;

--
-- Dumping data for table `recomment_record`
--

LOCK TABLES `recomment_record` WRITE;
/*!40000 ALTER TABLE `recomment_record` DISABLE KEYS */;
INSERT INTO `recomment_record` VALUES (1,' ',8,'Seele','R004','Genius of Brilliant Stars','When the wearer deals DMG to the target enemy, ignores 10% DEF.','LC002','In the Night','Increases the wearer\'s CRIT Rate by 18/21/24/27/30%.','PO004','Inert Salsotto','Increases the wearer\'s CRIT Rate by 8%.When the wearer\'s current CRIT Rate reaches 50% or higher, the wearer\'s Ultimate and follow-up attack DMG increases by 15%.',1,NULL),(2,' = ',11,'Acheron','R006','Pioneer Diver of Dead Waters','Increases CRIT Rate by 4%. The wearer deals 8%/12% increased CRIT DMG to enemies with at least 2/3 debuffs. After the wearer inflicts a debuff on enemy targets, the aforementioned effects increase by 100%, lasting for 1 turn(s).','LC001','Along the Passing Shore','Increases the wearer\'s CRIT DMG by 36/42/48/54/60%. When the wearer hits an enemy target, inflicts Mirage Fizzle on the enemy, lasting for 1 turn. Each time the wearer attacks, this effect can only trigger 1 time on each target. The wearer deals 24/28/32/36/40% increased DMG to targets afflicted with Mirage Fizzle, and the DMG dealt by the wearer\'s Ultimate additionally increases by 24/28/32/36/40%.','PO005','Izumo Gensei and Takama Divine Realm','Increases the wearer\'s ATK by 12%. When entering battle, if at least one other ally follows the same Path as the wearer, then the wearer\'s CRIT Rate increases by 12%.',5,NULL),(3,'The Herta Nuke!!!!',66,'Herta','R009','Scholar Lost in Erudition','Increases DMG dealt by Ultimate and Skill by 20%. After using Ultimate, additionally increases the DMG dealt by the next Skill by 25%.','LC004','An Instant Before A Gaze','Increases the wearer\'s CRIT DMG by 36/42/48/54/60%. When the wearer uses Ultimate, increases the wearer\'s Ultimate DMG based on their Max Energy. Each point of Energy increases the Ultimate DMG by 0.36/0.42/0.48/0.54/0.6%, up to 180 points of Energy.','PO004','Inert Salsotto','Increases the wearer\'s CRIT Rate by 8%.When the wearer\'s current CRIT Rate reaches 50% or higher, the wearer\'s Ultimate and follow-up attack DMG increases by 15%.',5,NULL),(4,'',3,'Welt','R006','Pioneer Diver of Dead Waters','Increases CRIT Rate by 4%. The wearer deals 8%/12% increased CRIT DMG to enemies with at least 2/3 debuffs. After the wearer inflicts a debuff on enemy targets, the aforementioned effects increase by 100%, lasting for 1 turn(s).','LC005','In the Name of the World','Increases the wearer\'s DMG to debuffed enemies by 24/28/32/36/40%.\r\nWhen the wearer uses their Skill, the Effect Hit Rate for this attack increases by 18/21/24/27/30%, and ATK increases by 24/28/32/36/40%.','PO010','Rutilant Arena','Increases the wearer\'s CRIT Rate by 8%.When the wearer\'s current CRIT Rate reaches 70% or higher, the wearer\'s Basic ATK and Skill DMG increase by 20%.',9,NULL),(5,'',1,'Stelle','R002','Champion of Streetwise Boxing','After the wearer attacks or is hit, their ATK increases by 5% for the rest of the battle.\r\nThis effect can stack up to 5 time(s).','LC006','On the Fall of an Aeon','Whenever the wearer attacks, increase their ATK by  8/10/12/14/16% in this battle, up to 4 time(s).\r\nWhen the wearer inflicts Weakness Break on enemies, the wearer\'s DMG increases by  12/15/18/21/24% for 2 turn(s).','PO010','Rutilant Arena','Increases the wearer\'s CRIT Rate by 8%.When the wearer\'s current CRIT Rate reaches 70% or higher, the wearer\'s Basic ATK and Skill DMG increase by 20%.',1,NULL),(6,'',10,'Gepard','R005','Guard of Wuthering Snow','At the beginning of the turn, if the wearer\'s HP is equal to or less than 50%, restores HP equal to 8% of their Max HP and regenerates 5 Energy.','LC007','Moment of Victory','Increases the wearer\'s DEF by 24/28/32/36/40% and Effect Hit Rate by 24/28/32/36/40%.\r\nIncreases the chance for the wearer to be attacked by enemies.\r\nWhen the wearer is attacked, increase their DEF by an additional 24/28/32/36/40% until the end of the wearer\'s turn.','PO002','Broken Keel','Increases the wearer\'s Effect RES by 10%.When the wearer\'s Effect RES is at 30% or higher, all allies\' CRIT DMG increases by 10%.',9,NULL),(7,'10 cycles',8,'Seele','R007','Musketeer of Wild Wheat','The wearer\'s SPD increases by 6% and Basic ATK DMG increases by 10%.','LC002','In the Night','Increases the wearer\'s CRIT Rate by 18/21/24/27/30%.','PO010','Rutilant Arena','Increases the wearer\'s CRIT Rate by 8%.When the wearer\'s current CRIT Rate reaches 70% or higher, the wearer\'s Basic ATK and Skill DMG increase by 20%.',1,NULL),(8,'0 cycles',11,'Acheron','R006','Pioneer Diver of Dead Waters','Increases CRIT Rate by 4%. The wearer deals 8%/12% increased CRIT DMG to enemies with at least 2/3 debuffs. After the wearer inflicts a debuff on enemy targets, the aforementioned effects increase by 100%, lasting for 1 turn(s).','LC001','Along the Passing Shore','Increases the wearer\'s CRIT DMG by 36/42/48/54/60%. When the wearer hits an enemy target, inflicts Mirage Fizzle on the enemy, lasting for 1 turn. Each time the wearer attacks, this effect can only trigger 1 time on each target. The wearer deals 24/28/32/36/40% increased DMG to targets afflicted with Mirage Fizzle, and the DMG dealt by the wearer\'s Ultimate additionally increases by 24/28/32/36/40%.','PO005','Izumo Gensei and Takama Divine Realm','Increases the wearer\'s ATK by 12%. When entering battle, if at least one other ally follows the same Path as the wearer, then the wearer\'s CRIT Rate increases by 12%.',8,NULL),(9,'',4,'March 7','R005','Guard of Wuthering Snow','At the beginning of the turn, if the wearer\'s HP is equal to or less than 50%, restores HP equal to 8% of their Max HP and regenerates 5 Energy.','LC007','Moment of Victory','Increases the wearer\'s DEF by 24/28/32/36/40% and Effect Hit Rate by 24/28/32/36/40%.\r\nIncreases the chance for the wearer to be attacked by enemies.\r\nWhen the wearer is attacked, increase their DEF by an additional 24/28/32/36/40% until the end of the wearer\'s turn.','PO001','Belobog of the Architects','Belobog of the Architects',8,NULL),(10,'',7,'Arlan','R006','Pioneer Diver of Dead Waters','Increases CRIT Rate by 4%. The wearer deals 8%/12% increased CRIT DMG to enemies with at least 2/3 debuffs. After the wearer inflicts a debuff on enemy targets, the aforementioned effects increase by 100%, lasting for 1 turn(s).','LC006','On the Fall of an Aeon','Whenever the wearer attacks, increase their ATK by  8/10/12/14/16% in this battle, up to 4 time(s).\r\nWhen the wearer inflicts Weakness Break on enemies, the wearer\'s DMG increases by  12/15/18/21/24% for 2 turn(s).','PO004','Inert Salsotto','Increases the wearer\'s CRIT Rate by 8%.When the wearer\'s current CRIT Rate reaches 50% or higher, the wearer\'s Ultimate and follow-up attack DMG increases by 15%.',1,NULL),(13,'Hi3',3,NULL,'R006',NULL,NULL,'LC005',NULL,NULL,NULL,NULL,NULL,NULL,NULL);
/*!40000 ALTER TABLE `recomment_record` ENABLE KEYS */;
UNLOCK TABLES;

--
-- Table structure for table `relic_set`
--

DROP TABLE IF EXISTS `relic_set`;
/*!40101 SET @saved_cs_client     = @@character_set_client */;
/*!50503 SET character_set_client = utf8mb4 */;
CREATE TABLE `relic_set` (
  `R_id` varchar(15) CHARACTER SET utf8mb4 COLLATE utf8mb4_0900_ai_ci NOT NULL,
  `R_name` varchar(100) DEFAULT NULL,
  `R_Effect_2` text CHARACTER SET utf8mb4 COLLATE utf8mb4_0900_ai_ci,
  `R_Effect_4` text CHARACTER SET utf8mb4 COLLATE utf8mb4_0900_ai_ci,
  PRIMARY KEY (`R_id`)
) ENGINE=InnoDB DEFAULT CHARSET=utf8mb4 COLLATE=utf8mb4_0900_ai_ci;
/*!40101 SET character_set_client = @saved_cs_client */;

--
-- Dumping data for table `relic_set`
--

LOCK TABLES `relic_set` WRITE;
/*!40000 ALTER TABLE `relic_set` DISABLE KEYS */;
INSERT INTO `relic_set` VALUES ('R001','Band of Sizzling Thunder','Increases Lightning DMG by 10%.','When the wearer uses their Skill, increases the wearer\'s ATK by 20% for 1 turn(s).'),('R002','Champion of Streetwise Boxing','Increases Physical DMG by 10%.','After the wearer attacks or is hit, their ATK increases by 5% for the rest of the battle.\r\nThis effect can stack up to 5 time(s).'),('R003','Eagle of Twilight Line','Increases Wind DMG by 10%.','After the wearer uses their Ultimate, their action is Advanced Forward by 25%.'),('R004','Genius of Brilliant Stars','Increases Quantum DMG by 10%.','When the wearer deals DMG to the target enemy, ignores 10% DEF.'),('R005','Guard of Wuthering Snow','Reduces DMG taken by 8%.','At the beginning of the turn, if the wearer\'s HP is equal to or less than 50%, restores HP equal to 8% of their Max HP and regenerates 5 Energy.'),('R006','Pioneer Diver of Dead Waters','Increases DMG dealt to enemies with debuffs by 12%.','Increases CRIT Rate by 4%. The wearer deals 8%/12% increased CRIT DMG to enemies with at least 2/3 debuffs. After the wearer inflicts a debuff on enemy targets, the aforementioned effects increase by 100%, lasting for 1 turn(s).'),('R007','Musketeer of Wild Wheat','ATK increases by 12%.','The wearer\'s SPD increases by 6% and Basic ATK DMG increases by 10%.'),('R008','The Wind-Soaring Valorous','ATK increases by 12%.','Increases the wearer\'s CRIT Rate by 6%. When the wearer uses a follow-up attack, increases the DMG dealt by Ultimate by 36%, lasting for 1 turn(s).'),('R009','Scholar Lost in Erudition','CRIT Rate increases by 8%.','Increases DMG dealt by Ultimate and Skill by 20%. After using Ultimate, additionally increases the DMG dealt by the next Skill by 25%.'),('R010','The Ashblazing Grand Duke','Increases the DMG dealt by follow-up attacks by 20%.','When the wearer uses follow-up attacks, increases the wearer\'s ATK by 6% every time the follow-up attack deals DMG. This effect can stack up to 8 time(s) and lasts for 3 turn(s). This effect is removed the next time the wearer uses a follow-up attack.'),('R011','Iron Cavalry Against the Scourge','Increases Break Effect by 16%.','If the wearer\'s Break Effect is 150% or higher, the Break DMG dealt to the enemy target ignores 10% of their DEF. If the wearer\'s Break Effect is 250% or higher, the Super Break DMG dealt to the enemy target additionally ignores 15% of their DEF.'),('R012','Watchmaker, Master of Dream Machinations','Increases Break Effect by 16%.','When the wearer uses their Ultimate on an ally, all allies\' Break Effect increases by 30% for 2 turn(s). This effect cannot be stacked.'),('R013','Firesmith of Lava-Forging','Increases Fire DMG by 10%.','Increases the wearer\'s Skill DMG by 12%.'),('R014','Hunter of Glacial Forest','Increases Ice DMG by 10%.','After the wearer uses their Ultimate, their CRIT DMG increases by 25% for 2 turn(s).'),('R015','Knight of Purity Palace','Increases DEF by 12%.','Increases the max DMG that can be absorbed by the Shield created by the wearer by 20%.'),('R016','Longevous Disciple','Increases Max HP by 12%.','When the wearer is hit or has their HP consumed by an ally or themselves, their CRIT Rate increases by 8% for 2 turn(s) and up to 2 stacks.'),('R017','Passerby of Wandering Cloud','Increases Outgoing Healing by 10%.','At the start of the battle, immediately regenerates 1 Skill Point.'),('R018','Messenger Traversing Hackerspace','Increases SPD by 6%.','When the wearer uses their Ultimate on an ally, SPD for all allies increases by 12% for 1 turn(s). This effect cannot be stacked.'),('R019','Prisoner in Deep Confinement','ATK increases by 12%.','For every DoT the target enemy is afflicted with, the wearer will ignore 6% of its DEF when dealing DMG to it. This effect is valid for a max of 3 DoTs.'),('R020','Thief of Shooting Meteor','Increases Break Effect by 16%','Increases the wearer\'s Break Effect by 16%.\r\nWhen the wearer inflicts Weakness Break on an enemy, regenerates 3 Energy.'),('R021','Watchmaker, Master of Dream Machinations','Increases Break Effect by 16%.','When the wearer uses their Ultimate on an ally, all allies\' Break Effect increases by 30% for 2 turn(s). This effect cannot be stacked.'),('R022','Wastelander of Banditry Desert','Increases Imaginary DMG by 10%.','When attacking debuffed enemies, the wearer\'s CRIT Rate increases by 10%, and their CRIT DMG increases by 20% against Imprisoned enemies.');
/*!40000 ALTER TABLE `relic_set` ENABLE KEYS */;
UNLOCK TABLES;

--
-- Table structure for table `user`
--

DROP TABLE IF EXISTS `user`;
/*!40101 SET @saved_cs_client     = @@character_set_client */;
/*!50503 SET character_set_client = utf8mb4 */;
CREATE TABLE `user` (
  `uid` int NOT NULL,
  `uname` varchar(100) DEFAULT NULL,
  `upassword` varchar(100) DEFAULT NULL,
  PRIMARY KEY (`uid`)
) ENGINE=InnoDB DEFAULT CHARSET=utf8mb4 COLLATE=utf8mb4_0900_ai_ci;
/*!40101 SET character_set_client = @saved_cs_client */;

--
-- Dumping data for table `user`
--

LOCK TABLES `user` WRITE;
/*!40000 ALTER TABLE `user` DISABLE KEYS */;
INSERT INTO `user` VALUES (1,'Yuumi','Yuumi1'),(2,'Mika','Mika1'),(3,'Hina','Hina1'),(4,'Shiroko','Shiroko1'),(5,'Aru','Aru1'),(6,'Noa','Noa1'),(7,'Yuuka','Yuuka1'),(8,'Mona','Mona1'),(9,'Diluc','Diluc1'),(10,'Zhongli','Zhongli1');
/*!40000 ALTER TABLE `user` ENABLE KEYS */;
UNLOCK TABLES;

--
-- Dumping routines for database 'hsrdb'
--
/*!40103 SET TIME_ZONE=@OLD_TIME_ZONE */;

/*!40101 SET SQL_MODE=@OLD_SQL_MODE */;
/*!40014 SET FOREIGN_KEY_CHECKS=@OLD_FOREIGN_KEY_CHECKS */;
/*!40014 SET UNIQUE_CHECKS=@OLD_UNIQUE_CHECKS */;
/*!40101 SET CHARACTER_SET_CLIENT=@OLD_CHARACTER_SET_CLIENT */;
/*!40101 SET CHARACTER_SET_RESULTS=@OLD_CHARACTER_SET_RESULTS */;
/*!40101 SET COLLATION_CONNECTION=@OLD_COLLATION_CONNECTION */;
/*!40111 SET SQL_NOTES=@OLD_SQL_NOTES */;

-- Dump completed on 2025-03-04 22:52:19
